SFGLID,source,chromosome,position
Ots28_11023212,CRITFC,NC_037124.1,12231110
Ots28_11025336,CRITFC,NC_037124.1,12233184
Ots28_11033282,CRITFC,NC_037124.1,12241630
Ots28_11062192,CRITFC,NC_037124.1,12266102
Ots37124.12267397,SWFSC,NC_037124.1,12267397
Ots37124.12270118,SWFSC,NC_037124.1,12270118
Ots37124.12272852,SWFSC,NC_037124.1,12272852
Ots28_11070757,CRITFC,NC_037124.1,12274750
Ots28_11071377,CRITFC,NC_037124.1,12275354
Ots28_11072994,CRITFC,NC_037124.1,12276939
Ots28_11073102,CRITFC,NC_037124.1,12277074
Ots37124.12277401,SWFSC,NC_037124.1,12277401
Ots28_11073668,CRITFC,NC_037124.1,12277629
Ots37124.12279142,SWFSC,NC_037124.1,12279142
Ots28_11075348,CRITFC,NC_037124.1,12279253
Ots28_11075712,CRITFC,NC_037124.1,12279588
Ots28_11077016,CRITFC,NC_037124.1,12280864
Ots28_11077172,CRITFC,NC_037124.1,12281060
Ots37124.12281207,SWFSC,NC_037124.1,12281207
Ots28_11077576,CRITFC,NC_037124.1,12281469
Ots28_11095755,CRITFC,NC_037124.1,12299969
Ots37124.12310649,SWFSC,NC_037124.1,12310649
Ots28_11143508,CRITFC,NC_037124.1,12341513
Ots28_11160599,CRITFC,NC_037124.1,12359187
Ots28_11164637,CRITFC,NC_037124.1,12363169
Ots28_11186543,CRITFC,NC_037124.1,12385877
Ots28_11201129,CRITFC,NC_037124.1,12400413
Ots28_11202190,CRITFC,NC_037124.1,12401459
Ots28_11202400,CRITFC,NC_037124.1,12401689
Ots28_11202863,CRITFC,NC_037124.1,12402136
Ots28_11205423,CRITFC,NC_037124.1,12404701
Ots28_11205993,CRITFC,NC_037124.1,12405273
Ots28_11206740,CRITFC,NC_037124.1,12406010
Ots28_11207428,CRITFC,NC_037124.1,12406621
Ots28_11210919,CRITFC,NC_037124.1,12410127
